Workbook

Sheet Soll-Ist-Analyse
A1: Monat | B1: Umsatz Soll | C1: Umsatz Ist | D1: Abweichung(€) | E1: Abweichung(%) | F1: Status
A2: Januar | B2: 85000 | C2: 78500 | D2: =C2-B2 -> -6500 | E2: =D2/B2 -> -0.076470588 | F2: =IF(D2>=0,"Im Ziel","Unter Ziel") -> Unter Ziel
A3: Februar | B3: 78000 | C3: 81200 | D3: =C3-B3 -> 3200 | E3: =D3/B3 -> 0.041025641 | F3: =IF(D3>=0,"Im Ziel","Unter Ziel") -> Im Ziel
A4: März | B4: 92000 | C4: 89400 | D4: =C4-B4 -> -2600 | E4: =D4/B4 -> -0.02826087 | F4: =IF(D4>=0,"Im Ziel","Unter Ziel") -> Unter Ziel
A5: April | B5: 105000 | C5: 112300 | D5: =C5-B5 -> 7300 | E5: =D5/B5 -> 0.06952381 | F5: =IF(D5>=0,"Im Ziel","Unter Ziel") -> Im Ziel
A6: Mai | B6: 118000 | C6: 115600 | D6: =C6-B6 -> -2400 | E6: =D6/B6 -> -0.020338983 | F6: =IF(D6>=0,"Im Ziel","Unter Ziel") -> Unter Ziel
A7: Juni | B7: 135000 | C7: 141200 | D7: =C7-B7 -> 6200 | E7: =D7/B7 -> 0.045925926 | F7: =IF(D7>=0,"Im Ziel","Unter Ziel") -> Im Ziel
A8: Juli | B8: 152000 | C8: 148900 | D8: =C8-B8 -> -3100 | E8: =D8/B8 -> -0.020394737 | F8: =IF(D8>=0,"Im Ziel","Unter Ziel") -> Unter Ziel
A9: August | B9: 158000 | C9: 163400 | D9: =C9-B9 -> 5400 | E9: =D9/B9 -> 0.034177215 | F9: =IF(D9>=0,"Im Ziel","Unter Ziel") -> Im Ziel
A10: September | B10: 132000 | C10: 128700 | D10: =C10-B10 -> -3300 | E10: =D10/B10 -> -0.025 | F10: =IF(D10>=0,"Im Ziel","Unter Ziel") -> Unter Ziel
A11: Oktober | B11: 108000 | C11: 104200 | D11: =C11-B11 -> -3800 | E11: =D11/B11 -> -0.035185185 | F11: =IF(D11>=0,"Im Ziel","Unter Ziel") -> Unter Ziel
A12: November | B12: 88000 | C12: 91500 | D12: =C12-B12 -> 3500 | E12: =D12/B12 -> 0.039772727 | F12: =IF(D12>=0,"Im Ziel","Unter Ziel") -> Im Ziel
A13: Dezember | B13: 125000 | C13: 119800 | D13: =C13-B13 -> -5200 | E13: =D13/B13 -> -0.0416 | F13: =IF(D13>=0,"Im Ziel","Unter Ziel") -> Unter Ziel
A15: Gesamt | B15: =SUM(B2:B13) -> 1376000 | C15: =SUM(C2:C13) -> 1374700 | D15: =SUM(D2:D13) -> -1300 | E15: =D15/B15 -> -0.00094476744 | F15: =IF(D15>=0,"Im Ziel","Unter Ziel") -> Unter Ziel

Sheet Kostenanalyse
A1: Kostenstelle | B1: Kosten Soll | C1: Kosten Ist | D1: Abweichung(€) | E1: Abweichung(%)
A2: Rooms | B2: 45000 | C2: 43200 | D2: =C2-B2 -> -1800 | E2: =D2/B2 -> -0.04
A3: Restaurant | B3: 38000 | C3: 43500 | D3: =C3-B3 -> 5500 | E3: =D3/B3 -> 0.14473684
A4: Spa | B4: 22000 | C4: 20800 | D4: =C4-B4 -> -1200 | E4: =D4/B4 -> -0.054545455
A5: Verwaltung | B5: 18000 | C5: 18600 | D5: =C5-B5 -> 600 | E5: =D5/B5 -> 0.033333333
A6: Marketing | B6: 12000 | C6: 10900 | D6: =C6-B6 -> -1100 | E6: =D6/B6 -> -0.091666667
A8: Gesamt | B8: =SUM(B2:B6) -> 135000 | C8: =SUM(C2:C6) -> 137000 | D8: =SUM(D2:D6) -> 2000 | E8: =D8/B8 -> 0.014814815

Sheet Übersicht
A1: Hotel Analyse 2024
A3: Kennzahl | B3: Wert
A4: Gesamtumsatz Soll | B4: ='Soll-Ist-Analyse'!B15 -> 1376000
A5: Gesamtumsatz Ist | B5: ='Soll-Ist-Analyse'!C15 -> 1374700
A6: Umsatzabweichung(€) | B6: ='Soll-Ist-Analyse'!D15 -> -1300
A7: Umsatzabweichung(%) | B7: ='Soll-Ist-Analyse'!E15 -> -0.00094476744
A8: Gesamtkosten Soll | B8: =Kostenanalyse!B8 -> 135000
A9: Gesamtkosten Ist | B9: =Kostenanalyse!C8 -> 137000
A10: Kostenabweichung(€) | B10: =Kostenanalyse!D8 -> 2000
A11: Kostenabweichung(%) | B11: =Kostenanalyse!E8 -> 0.014814815
